name,price
"A Legionary's Life",6.10
"Exile's End",6.15
"Alan Wake's American Nightmare",6.19
Symphony,6.19
"Huntsman: The Orphanage (Halloween Edition)",6.19
"Zombie Grinder",6.19
"Ski Region Simulator - Gold Edition",6.19
"Extreme Roads USA",6.19
ThunderWheels,6.19
"Reef Shot",6.19
"Zombie Solitaire",6.19
GamersGoMakers,6.19
Fairspace,6.19
"Starlaxis Supernova Edition",6.19
"Perfection of Wisdom",6.19
"Good Robot",6.19
"SHOFER Race Driver",6.19
"Treeker: The Lost Glasses",6.19
"Way of Gold and Steel",6.19
"Atlantic Quest Solitaire",6.19
"The Beard in the Mirror",6.19
"Dungeons and Robots",6.19
"Game of Dragons",6.19
"Carrotting Brain",6.19
"Atlantic Quest 2 - New Adventure -",6.19
"Automata Empire",6.19
"Doodle Kingdom",6.19
"Unending Galaxy",6.19
"Pirates of the Polygon Sea",6.19
"Four Realms",6.19
"DCR: Drive.Crash.Repeat",6.19
"Heartomics: Lost Count",6.19
"Publisher Tycoon",6.19
Squareface,6.19
"ALONE? - VR",6.19
"Slayaway Camp",6.19
"World of DASM, DASM Spell Quest",6.19
"EscapeVR: The Basement",6.19
"Omega One",6.19
"Light and Dance VR - Music, Action, Relaxation",6.19
"Autumn Night 3D Shooter",6.19
"The Homestead Invasion",6.19
Trajectory,6.19
"Doodle Mafia",6.19
"The Coin Game",6.19
"Skeletal Dance Party",6.19
"The Last One",6.19
"Blasted Road Terror",6.19
Meganoid,6.19
"Mech League Boxing",6.19
"To The Light",6.19
"War Heroes: Invasion",6.19
"Zombie Solitaire 2 Chapter 1",6.19
"Zombie Solitaire 2 Chapter 2",6.19
"Zombie Solitaire 2 Chapter 3",6.19
"Everything Must Fall",6.19
"Galact Quest",6.19
"Safari Venture",6.19
"Solitaire Club",6.19
"Ricky Raccoon",6.19
"Aztec Venture",6.19
ReSizE,6.19
"Chateau Garden",6.19
"India Garden",6.19
"Ricky Raccoon 2 - Adventures in Egypt",6.19
"5 Star Rio Resort",6.19
"Throttle Powah VR",6.19
"Lone Pirate VR",6.19
"Magician's Gambit",6.19
"ESCAPE Room: Reality",6.19
"Jewel Venture",6.19
"2 Planets Fire and Ice",6.19
"Swaps and Traps",6.19
"0°N 0°W",6.19
"Devoid of Shadows",6.19
"Simon the Sorcerer: 25th Anniversary Edition",6.19
"Resurgence: Earth United",6.19
"The Lonely Gorilla",6.19
"Little Einar",6.19
BusinessMan,6.19
"Simon the Sorcerer 2: 25th Anniversary Edition",6.19
"Stones of Rome",6.19
"Ski Hard: Lorsbruck 1978",6.19
"Sneaky Bears",6.19
"Space Dragon",6.19
"LOGistICAL: Japan",6.19
"Creeping Terror",6.19
"Cardboard Wars",6.19
"Silent Descent",6.19
"Three Kingdoms VR - Jade Knight (光之三國VR - 青龍騎)",6.19
Hinterhalt,6.19
"GyroCube VR",6.19
OnsenVR,6.19
"OPUS: Rocket of Whispers",6.19
"DISTRAINT 2",6.19
ROMBIE,6.19
"The adventure of Kroos",6.19
"Fantasy Quest Solitaire",6.19
"Traffic Cop",6.19
"Blitz Freak",6.19
"DMD Mars Mission",6.19
"Ancient Warfare 3",6.19
"Learn Japanese To Survive! Kanji Combat",6.19
"The Day They Landed",6.19
"Spectrum Break",6.19
"Dark Strokes: The Legend of the Snow Kingdom Collector’s Edition",6.19
"Uncanny Islands",6.19
Kansei,6.19
Yousei,6.19
"Committed: Mystery at Shady Pines - Premium Edition",6.19
"Angel Light The Elven Truce",6.19
"Log Challenge",6.19
Crossroad,6.19
Burden,6.19
"Warz: Horde",6.19
ESPER,6.19
"Police Enforcement VR : 1-King-27",6.19
"5 Star Hawaii Resort - Your Resort",6.19
夜雪冰娇,6.19
"My Grandfather's Farm",6.19
"Global Soccer Manager 2018",6.19
TRIGGERED,6.19
"Zombie Town : Online",6.19
"The Office Quest",6.19
"The Final Days: Blood Dawn",6.19
"Game of Stones",6.19
"Paralines The Last paladin",6.19
"CODE CRACKER 代码破译者",6.19
"Save Snegurochka!",6.19
"Stardust VR",6.19
"Helping Hand",6.19
"Last Resort Island",6.19
"The Protocons",6.19
"Skat Stammtisch",6.19
Fantasyland,6.19
"Vertigo FPS",6.19
"Shopkeeper Simulator VR",6.19
HyperParasite,6.19
MechCorp,6.19
"三国英雄列传 (Legendary Heros in the Three Kingdoms)",6.19
"Orb Labs, Inc.",6.19
"El Taco Diablo",6.19
"The Indie Game Legend 3D",6.19
"DJ Mix Pads",6.19
"Imperialism: The Dark Continent",6.19
"Valerian Tales",6.19
"Cows VS Vikings",6.19
"Trek: Travel Around the World",6.19
"Deflection Dimension",6.19
SpellFront,6.19
"Shining Hotel: Lost in Nowhere",6.19
"Brain 43℃",6.19
Beasts&Chests,6.19
"Stones of Yalmrith",6.19
"That Which Binds Us",6.19
"Great Old One - Arrival",6.19
"Bookers: Underground Chapter",6.19
"The Journey to Fairytales",6.19
Cybrus,6.19
"How To Date A Magical Girl!",6.19
Egony,6.19
"東方幕華祭 TouHou Makuka Sai ~ Fantastic Danmaku Festival",6.19
"Imperialism: Fate of India",6.19
"Tomato Way 2",6.19
"Tango: The Adventure Game",6.19
"Dragonfly Chronicles",6.19
StickyBots,6.19
"Crypto Crisis",6.19
"Life After The Living",6.19
"A Piece of Wish upon the Stars",6.19
"Audio Infection",6.19
"Welcome Above",6.19
"Fair Deal: Las Vegas",6.19
"Girls Dance VR",6.19
Hacker.exe,6.19
"侠隐行录：困境疑云Wuxia archive: Crisis escape",6.19
"巴伦西亚传说：索菲亚的重生 Valencia Saga:Sophia's rebirth",6.19
Visionarium,6.19
"RIFF VR for Arcades",6.19
Wenjia,6.19
"Cute Girls VR",6.19
"Escape Legacy: Ancient Scrolls",6.19
"BlitzKeep Unleashed",6.19
"Doodle Farm",6.19
"きりたんvsカニたん -ずんだもちを防衛せよ！-",6.19
"Exiled to the Void",6.19
"Game Master Plus",6.19
"Pantsu Hunter: Back to the 90s",6.19
"Swords and Sandals Pirates",6.19
"Dandy & Randy",6.19
MOE,6.19
"Beat Blocks VR",6.19
"The Wizard's Tower",6.19
"Stellar Sphere",6.19
"Theseus: Journey to Athens",6.19
"Arctic Fleet",6.19
WildKids,6.19
"Fated Era",6.19
"Fantasy Sino-Japanese War 幻想甲午",6.19
神明在上(Zengeon),6.19
Vasilis,6.19
"Fear Simulator",6.19
Evospace,6.19
Lyantei,6.19
"Crypto Crisis: Education Edition",6.19
"DHARMA: THE SWAN",6.19
"Lyratha: Labyrinth - Survival - Escape",6.19
"Even For Eternia",6.19
Paperbark,6.20
Glare1more,6.28
"Level 22: Gary’s Misadventure - 2016 Edition",6.29
"Take Off - The Flight Simulator",6.29
"Diamond Caves",6.29
"Starship Rubicon",6.35
"Super Night Riders",6.39
Cubikolor,6.39
"Bionic Commando",6.49
"Bionic Commando: Rearmed",6.49
"Dark Void™",6.49
"Chantelise - A Tale of Two Sisters",6.49
"Intrusion 2",6.49
Velocity®Ultra,6.49
"This Starry Midnight We Make",6.49
"StaudSoft's Synthetic World Beta",6.49
"Hitman GO: Definitive Edition",6.49
"Life is Strange 2",6.49
Colourise,6.49
"Waking Violet",6.49
Vignettes,6.49
"Circle Rally Party",6.54
Retool,6.59
"Grow Home",6.69
Reformers(变革者),6.69
Lanternium,6.79
"Super Saurio Fly: Jurassic Edition",6.89
"Interstellar Marines",6.95
"Football Club Simulator - FCS NS#19",6.95
Uplink,6.99
"Space Empires IV Deluxe",6.99
"Two Worlds Epic Edition",6.99
"Evil Genius",6.99
BloodRayne,6.99
"BloodRayne 2",6.99
Psychonauts,6.99
"Garry's Mod",6.99
"City Life 2008",6.99
"Natural Selection 2",6.99
"Nexus - The Jupiter Incident",6.99
"Thief: Deadly Shadows",6.99
"Rogue Trooper",6.99
"Runaway, A Road Adventure",6.99
"Runaway, The Dream of The Turtle",6.99
Loki,6.99
Azada,6.99
X-Blades,6.99
"Two Worlds II Castle Defense",6.99
"Tomb Raider: Anniversary",6.99
"Tomb Raider: Underworld",6.99
"Battlestations Pacific",6.99
"Desperados 2: Cooper's Revenge",6.99
"Star Raiders",6.99
"Aces of the Galaxy™",6.99
"3D Ultra™ Minigolf Adventures",6.99
"Sherlock Holmes - Nemesis",6.99
"Dracula Origin",6.99
"Sherlock Holmes: The Awakened - Remastered Edition",6.99
"Sherlock Holmes: The Silver Earring",6.99
"Sherlock Holmes versus Jack the Ripper",6.99
"Shadowgrounds Survivor",6.99
"Culpa Innata",6.99
"Sacred Gold",6.99
"Darkstar One",6.99
"Jack Keane",6.99
"9th Company: Roots Of Terror",6.99
"PuzzleQuest: Challenge of the Warlords",6.99
"Prison Tycoon 3™: Lockdown",6.99
"18 Wheels of Steel: American Long Haul",6.99
Drakensang,6.99
"Overlord™: Raising Hell",6.99
Damnation,6.99
"Overlord II",6.99
"Operation Flashpoint: Dragon Rising",6.99
"The Wonderful End of the World",6.99
"AaAaAA!!! - A Reckless Disregard for Gravity",6.99
"AaaaaAAaaaAAAaaAAAAaAAAAA!!! for the Awesome",6.99
"Oddworld: Stranger's Wrath HD",6.99
"7 Wonders II",6.99
"Discovery! A Seek and Find Adventure",6.99
"7 Wonders: Treasures of Seven",6.99
Hinterland,6.99
"Mosby's Confederacy",6.99
"Nuclear Dawn",6.99
"Unstoppable Gorg",6.99
"Crazy Machines",6.99
Helldorado,6.99
"Defense Grid: The Awakening",6.99
"Mayhem Intergalactic",6.99
"And Yet It Moves",6.99
Shatter,6.99
"The Witcher: Enhanced Edition Director's Cut",6.99
"World of Goo",6.99
"Zeno Clash",6.99
"Rock of Ages",6.99
"Alien Breed: Impact",6.99
"Alien Breed 2: Assault",6.99
"Alien Breed 3: Descent",6.99
"Grand Ages: Rome",6.99
"Puzzle Quest: Galactrix",6.99
"Earth Defense Force: Insect Armageddon",6.99
"Depths of Peril",6.99
"Crusaders: Thy Kingdom Come",6.99
Aquaria,6.99
"Supreme Ruler 2020 Gold",6.99
"The Path",6.99
"Space Giraffe",6.99
Osmos,6.99
"Dark Sector",6.99
"Chainz 2: Relinked",6.99
"Zombie Bowl-o-Rama",6.99
"Metal Drift",6.99
"Delta Force Land Warrior",6.99
"Delta Force: Task Force Dagger",6.99
"Armored Fist 3",6.99
"F-16 Multirole Fighter",6.99
"F-22 Lightning 3",6.99
"MiG-29 Fulcrum",6.99
"Comanche 4",6.99
"Tachyon: The Fringe",6.99
"Massive Assault",6.99
"Massive Assault: Phantom Renaissance",6.99
"Sniper: Ghost Warrior 2",6.99
"Razor2: Hidden Skies",6.99
Clutch,6.99
"The Ball",6.99
"Angle of Attack",6.99
"All Aspect Warfare",6.99
"The Void",6.99
"Ninja Blade",6.99
"DinerTown Tycoon",6.99
"Mahjong Quest Collection",6.99
"Coconut Queen",6.99
Build-A-Lot,6.99
"Build-A-Lot 2: Town of the Year",6.99
"Build-A-Lot 3: Passport to Europe",6.99
"Build-A-Lot 4: Power Source",6.99
"Farm Frenzy 3",6.99
"Farm Frenzy 3: American Pie",6.99
"Cradle of Rome",6.99
"Cradle of Persia",6.99
"Romance of Rome",6.99
"Kingpin — Life of Crime",6.99
MDK,6.99
"MDK 2",6.99
"Faerie Solitaire",6.99
ItzaBitza,6.99
ItzaZoo,6.99
"AI War: Fleet Command",6.99
"Tommy Tronic",6.99
"Death and the Fly",6.99
"Cargo! The Quest for Gravity",6.99
"The Bard's Tale",6.99
"Hamilton's Great Adventure",6.99
"Wings of Prey",6.99
Ignite,6.99
"Land It!",6.99
"Avencast: Rise of the Mage",6.99
"Grotesque Tactics: Evil Heroes",6.99
"Wasteland Angel",6.99
"Grotesque Tactics 2 – Dungeons and Donuts",6.99
Dimensity,6.99
"Escape From Paradise ",6.99
"Escape From Paradise 2",6.99
"Book of Legends",6.99
LIMBO,6.99
"Greed Corp",6.99
"Beat Hazard",6.99
"Burn Zombie Burn!",6.99
"Hidden Expedition: Amazon",6.99
"Hidden Expedition: Everest",6.99
"Hidden Expedition: Titanic",6.99
"Mystery Case Files: Huntsville™",6.99
"Mystery Case Files: Ravenhearst®",6.99
"Mystery Case Files: Return to Ravenhearst™",6.99
"My Tribe",6.99
"Atlantis Sky Patrol",6.99
"Drawn®: The Painted Tower",6.99
Flotilla,6.99
"Atom Zombie Smasher",6.99
"Saints Row: The Third",6.99
Dungeons,6.99
"The First Templar - Steam Special Edition",6.99
"Jolly Rover",6.99
"MacGuffin's Curse",6.99
"A Game of Thrones - Genesis",6.99
"Runaway: A Twist of Fate",6.99
"The Next BIG Thing",6.99
"Luxor: 5th Passage",6.99
Glowfish,6.99
"Power of Defense",6.99
"Age of Wonders II: The Wizard's Throne",6.99
"Age of Wonders Shadow Magic",6.99
HOARD,6.99
"Swords and Soldiers HD",6.99
"URU: Complete Chronicles",6.99
"BIT.TRIP BEAT",6.99
"BIT.TRIP RUNNER",6.99
"Archon Classic",6.99
"Dino D-Day",6.99
"Worms Crazy Golf",6.99
Closure,6.99
"Supreme Ruler: Cold War",6.99
"Fate of the World",6.99
"Gemini Rue",6.99
"Blackwell Deception",6.99
SkyDrift,6.99
"E.Y.E: Divine Cybermancy",6.99
"Ancients of Ooga",6.99
"Post Apocalyptic Mayhem",6.99
"Shadow Harvest: Phantom Ops",6.99
SpaceChem,6.99
Jamestown,6.99
Nidhogg,6.99
"Puzzle Agent 2",6.99
"Super Splatters",6.99
"Slam Bolt Scrappers",6.99
"Solar 2",6.99
"Section 8®: Prejudice™",6.99
"Kohan: Immortal Sovereigns",6.99
"Kohan: Ahriman's Gift",6.99
"Kohan II: Kings of War",6.99
"Magic: The Gathering - Duels of the Planeswalkers 2013",6.99
"Yar's Revenge",6.99
NightSky,6.99
"Vertex Dispenser",6.99
"Ms. Splosion Man",6.99
Terraria,6.99
"PixelJunk™ Eden",6.99
"Space Pirates and Zombies",6.99
"Ticket to Ride",6.99
"Death Rally",6.99
"Legend of Fae",6.99
inMomentum,6.99
"The Clockwork Man: The Hidden World",6.99
"Serious Sam Double D XXL",6.99
"Avadon: The Black Fortress",6.99
"Costume Quest",6.99
Stacking,6.99
"Super Toy Cars",6.99
"Quantum Conundrum",6.99
"Sideway™ New York",6.99
"Airline Tycoon 2",6.99
"Flatout 3: Chaos & Destruction",6.99
"King's Bounty: Warriors of the North",6.99
"Fable - The Lost Chapters",6.99
Snapshot,6.99
"The Bridge",6.99
"Serious Sam 2",6.99
"Pineapple Smash Crew ",6.99
Pickers,6.99
Confrontation,6.99
"BIT.TRIP CORE",6.99
"BIT.TRIP VOID",6.99
"BIT.TRIP FATE",6.99
"BIT.TRIP FLUX",6.99
"Gratuitous Tank Battles",6.99
"Luxor Evolved",6.99
Yesterday,6.99
"Tiny and Big: Grandpa's Leftovers",6.99
"Cladun X2 / クラシックダンジョンX2",6.99
"Crazy Machines Elements",6.99
"To the Moon",6.99
3SwitcheD,6.99
"Indie Game: The Movie",6.99
Fireburst,6.99
"A Virus Named TOM",6.99
"Myst V: End of Ages",6.99
"Avernum: Escape From the Pit",6.99
"Midnight Mysteries: Salem Witch Trials",6.99
"Midnight Mysteries 3: Devil on the Mississippi",6.99
"Midnight Mysteries 4: Haunted Houdini",6.99
"Blades of Time",6.99
"Colour Bind",6.99
"Stealth Bastard Deluxe",6.99
"Sherlock Holmes and The Hound of The Baskervilles",6.99
"Roller Coaster Rampage",6.99
"Magrunner: Dark Pulse",6.99
Splice,6.99
"Triple Town",6.99
"Rune Classic",6.99
Unmechanical,6.99
"They Bleed Pixels",6.99
"Primal Fears",6.99
"Conquest of Elysium 3",6.99
"Kung Fu Strike - The Warrior's Rise",6.99
Resonance,6.99
"FTL: Faster Than Light",6.99
"Magic 2014 — Duels of the Planeswalkers",6.99
Rigonauts,6.99
"Galactic Civilizations® I: Ultimate Edition",6.99
Deponia,6.99
"Half Minute Hero: Super Mega Neo Climax Ultimate Boy",6.99
"Zombie Playground™",6.99
Demonicon,6.99
" Fieldrunners 2",6.99
"Go Home Dinosaurs!",6.99
"Luxor: Amun Rising HD",6.99
"Waves 2",6.99
"Din's Curse",6.99
"Dogfight 1942",6.99
"Planets Under Attack",6.99
Lucius,6.99
Pid,6.99
"Hotline Miami",6.99
Proteus,6.99
"Zombie Driver HD",6.99
"Little Inferno",6.99
Reus,6.99
Insurgency,6.99
"7 Wonders: Ancient Alien Makeover",6.99
"POSTAL 2",6.99
Blockscape,6.99
LocoCycle,6.99
"The Game of Life",6.99
FEZ,6.99
"Shadow Warrior Classic Redux",6.99
DARK,6.99
"PixelJunk™ Nom Nom Galaxy",6.99
"Monster Loves You!",6.99
Primordia,6.99
"Waking Mars",6.99
"Dragon's Lair",6.99
Battleship,6.99
Risk,6.99
"Bientôt l'été",6.99
Incredipede,6.99
Daylight,6.99
Storm,6.99
"Beatbuddy: Tale of the Guardians",6.99
LUFTRAUSERS,6.99
"Final Exam",6.99
"Avadon 2: The Corruption",6.99
Evoland,6.99
"Another World – 20th Anniversary Edition",6.99
"Surgeon Simulator",6.99
"Luxor 2 HD",6.99
"Shattered Haven",6.99
Anodyne,6.99
"Prime World: Defenders",6.99
"Small World 2",6.99
Element4l,6.99
"Tetrobot and Co.",6.99
"Agricultural Simulator 2013 - Steam Edition",6.99
"Blackwell Epiphany",6.99
Intake,6.99
"The Apogee Throwback Pack",6.99
"System Shock 2",6.99
Contagion,6.99
"Fist Puncher",6.99
"Bionic Dues",6.99
"Papers, Please",6.99
Hammerwatch,6.99
"Q.U.B.E: Director's Cut",6.99
"Game Dev Tycoon",6.99
"Space Ace",6.99
"Dragon's Lair 2: Time Warp",6.99
MotoGP™13,6.99
"Wanderlust Adventures",6.99
"Half Minute Hero: The Second Coming",6.99
CastleStorm,6.99
Inquisitor,6.99
"Kill to Collect",6.99
"The Chaos Engine",6.99
"Omikron: The Nomad Soul",6.99
"PixelJunk™ Monsters Ultimate",6.99
"Face Noir",6.99
Shelter,6.99
Skullgirls,6.99
"Wizardry 8",6.99
"Spacebase DF-9",6.99
"Kingdom Rush",6.99
"Secrets of Rætikon",6.99
"BeatBlasters III",6.99
Recruits,6.99
Bombernauts,6.99
"Cook, Serve, Delicious!",6.99
"Volgarr the Viking",6.99
"Mutant Mudds Deluxe",6.99
"Nether: Resurrected",6.99
Redshirt,6.99
"Doorways: Prelude",6.99
"Risk of Rain",6.99
NEStalgia,6.99
Teslagrad,6.99
"Life Goes On: Done to Death",6.99
TorqueL,6.99
Knock-knock,6.99
"Bridge Constructor",6.99
"Fight The Dragon",6.99
"Paranautical Activity: Deluxe Atonement Edition",6.99
"Bunny Must Die! Chelsea and the 7 Devils",6.99
"Starlight Inception™",6.99
Hive,6.99
"Dark Matter",6.99
"Constant C",6.99
"Speedball 2 HD",6.99
"Go! Go! Nippon! ~My First Trip to Japan~",6.99
"Solar Flux",6.99
"Long Live The Queen",6.99
"Syder Arcade",6.99
"Slender: The Arrival",6.99
"Double Dragon: Neon",6.99
"SteamWorld Dig",6.99
MouseCraft,6.99
Claire,6.99
"Dracula: Love Kills",6.99
McDROID,6.99
"Race The Sun",6.99
Wrack,6.99
Ikaruga,6.99
"Obscure II (Obscure: The Aftermath)",6.99
"Pro Cycling Manager 2014",6.99
"1954 Alcatraz",6.99
"Escape Goat 2",6.99
"KickBeat Steam Edition",6.99
"Magic 2015 - Duels of the Planeswalkers",6.99
"PixelJunk™ Shooter",6.99
"Truck Racer",6.99
"Not The Robots",6.99
"Bloody Trapland",6.99
"Violett Remastered",6.99
"Eschalon: Book III",6.99
"99 Spirits",6.99
"Blood Knights",6.99
"Adventure Time: Finn and Jake's Epic Quest",6.99
"Scania Truck Driving Simulator",6.99
"Alone in the Dark",6.99
"Nightmares from the Deep: The Cursed Heart",6.99
"Home Sheep Home 2",6.99
"Wooden Sen'SeY",6.99
"Agricultural Simulator: Historical Farming",6.99
"Shadows: Price For Our Sins Bonus Edition",6.99
"Gray Matter",6.99
"Holy Avatar vs. Maidens of the Dead",6.99
"Rollers of the Realm",6.99
"CRIMSON ROOM® DECADE",6.99
"Freedom Fall",6.99
Ludwig,6.99
"Signs of Life",6.99
"BlazBlue: Calamity Trigger",6.99
Continue?9876543210,6.99
"War of the Human Tanks",6.99
"EF-12: Fighting Game Maker",6.99
"Mitsurugi Kamui Hikae",6.99
"CDF Ghostship",6.99
"Turbo Dismount™",6.99
"Spaceforce Constellations",6.99
"Red Baron Pack",6.99
WazHack,6.99
CONSORTIUM,6.99
"Children of Liberty",6.99
A-Men,6.99
Platformines,6.99
"Quest for Infamy",6.99
"Crazy Machines: Golden Gears",6.99
Grimind,6.99
"Alpha Kimori™ 1",6.99
Windforge,6.99
"Last Dream",6.99
"Ethan: Meteor Hunter",6.99
"Farm for your Life",6.99
"Line Of Defense Tactics - Tactical Advantage",6.99
"Beware Planet Earth",6.99
"Airport Simulator 2014",6.99
"Guilty Gear Isuka",6.99
"Orc Attack: Flatulent Rebellion",6.99
"Treasure Adventure World",6.99
"Paranormal State: Poison Spring",6.99
"The Dishwasher: Vampire Smile",6.99
"The Yawhg",6.99
"Hero Siege",6.99
"Aces Wild: Manic Brawling Action!",6.99
"Infectonator: Survivors",6.99
Montas,6.99
"Arcane Worlds",6.99
"BADLAND: Game of the Year Edition",6.99
"Infinite Space III: Sea of Stars",6.99
"Time Rifters",6.99
"The Girl and the Robot",6.99
1HEART,6.99
"Melody's Escape",6.99
"Robot Roller-Derby Disco Dodgeball",6.99
"Industry Giant 2",6.99
"Transport Giant",6.99
"Hero and Daughter+",6.99
Dreamscape,6.99
"Aveyond 3-1: Lord of Twilight",6.99
"Pro Rugby Manager 2015",6.99
"Descent 2",6.99
"Descent 3",6.99
"Descent: FreeSpace – The Great War",6.99
"Freespace 2",6.99
"Formula Truck 2013",6.99
"Towtruck Simulator 2015",6.99
"Mining & Tunneling Simulator",6.99
"Aviator - Bush Pilot",6.99
"Ski-World Simulator",6.99
"Arctic Trucker Simulator",6.99
"Warehouse and Logistics Simulator",6.99
"Mechs & Mercs: Black Talons",6.99
"Gods Will Be Watching",6.99
"Always Sometimes Monsters",6.99
Dropsy,6.99
Influent,6.99
"Anmynor Puzzles",6.99
"Warhammer 40,000: Kill Team",6.99
"Riding Star - Horse Championship!",6.99
"Tango Fiesta",6.99
VIDEOBALL,6.99
"Shiny The Firefly",6.99
"Panzer Tactics HD",6.99
"Shantae: Risky's Revenge - Director's Cut",6.99
"Spider: Rite of the Shrouded Moon",6.99
0RBITALIS,6.99
"Aveyond 3-2: Gates of Night",6.99
"Digger Online",6.99
"Gardens Inc. – From Rakes to Riches",6.99
"IHF Handball Challenge 14",6.99
"3D ParticleGen Visual FX",6.99
"Grim Legends 2: Song of the Dark Swan",6.99
"Bridge Constructor Playground",6.99
"A Wizard's Lizard",6.99
KRUNCH,6.99
Krita,6.99
"Ghostship Aftermath",6.99
"A Boy and His Blob",6.99
"BloodRayne Betrayal",6.99
"Ubersoldier II",6.99
"Wings Over Europe",6.99
Explodemon,6.99
"Woolfe - The Red Hood Diaries",6.99
"Quake Live™",6.99
"The Battle of Sol",6.99
"Paper Dungeons",6.99
"Jagged Alliance 1: Gold Edition",6.99
Sanitarium,6.99
PANORAMICAL,6.99
"The Last Door - Collector's Edition",6.99
"Abyss: The Wraiths of Eden",6.99
"Dark Arcana: The Carnival",6.99
"Enigmatis: The Ghosts of Maple Creek",6.99
"Enigmatis 2: The Mists of Ravenwood",6.99
"Nightmares from the Deep 2: The Siren`s Call",6.99
"Nightmares from the Deep 3: Davy Jones",6.99
"Clockwork Tales: Of Glass and Ink",6.99
"Grim Legends: The Forsaken Bride",6.99
"9 Clues: The Secret of Serpent Creek",6.99
"Left in the Dark: No One on Board",6.99
"Speed Kills",6.99
"Project Root",6.99
"Battleplan: American Civil War",6.99
"RollerCoaster Tycoon® 2: Triple Thrill Pack",6.99
"Crimzon Clover WORLD IGNITION",6.99
"Galactic Command Echo Squad SE",6.99
"Kitty Powers' Matchmaker",6.99
"Enemy Mind",6.99
"Black Mirror II",6.99
"Black Mirror III",6.99
"Viking Brothers",6.99
"Nearwood - Collector's Edition",6.99
"Crouching Pony Hidden Dragon",6.99
"Chaos Domain",6.99
"Wildlife Park 3",6.99
Autocraft,6.99
"The Witch's Yarn",6.99
"Mini Metro",6.99
"Whispering Willows",6.99
"Aggression: Europe Under Fire",6.99
Marauder,6.99
DubWars,6.99
"Retro Game Crunch",6.99
Sokobond,6.99
"The Fall",6.99
"Heroes of Steel RPG",6.99
"Lost Marbles",6.99
"Smugglers 5",6.99
"The Lost Crown",6.99
"Elminage Gothic",6.99
"Magical Battle Festa",6.99
"Kero Blaster",6.99
"Black Mirror I",6.99
Cosmochoria,6.99
"The Good Life",6.99
"I Shall Remain",6.99
"Kill The Bad Guy",6.99
Crowntakers,6.99
"Schrödinger’s Cat And The Raiders Of The Lost Quark",6.99
"The Floor is Jelly",6.99
NeonXSZ,6.99
"GemCraft - Chasing Shadows",6.99
"Magnetic By Nature",6.99
"Niko: Through The Dream",6.99
"Al Emmo and the Lost Dutchman's Mine",6.99
Ascendant,6.99
"Nicolas Eymerich The Inquisitor Book II : The Village",6.99
"Heavy Bullets",6.99
"Pro Wrestling X",6.99
Arcadecraft,6.99
"Warrior Kings",6.99
XenoRaptor,6.99
"Immortal Defense",6.99
"Millennium 5 - The Battle of the Millennium",6.99
"Darkness Within 2: The Dark Lineage",6.99
"Warrior Kings: Battles",6.99
"The Land of Eyas",6.99
"Evil Pumpkin: The Lost Halloween",6.99
"Gardens Inc. 2: The Road to Fame",6.99
"Kill Fun Yeah",6.99
"Date Warp",6.99
"War of the Human Tanks - Limited Operations",6.99
"Chernobyl Commando",6.99
"Dungeon of Elements",6.99
"Storm over the Pacific",6.99
"Tex Murphy: Under a Killing Moon",6.99
"Tex Murphy: The Pandora Directive",6.99
"Tex Murphy: Overseer",6.99
BlazeRush,6.99
"The Beginner's Guide",6.99
Roundabout,6.99
"Faery - Legends of Avalon",6.99
"The Witcher Adventure Game",6.99
"Motorcycle Club",6.99
Worlds,6.99
"Sky Gamblers: Storm Raiders",6.99
"Heileen 2: The Hands Of Fate",6.99
"Trapped Dead: Lockdown",6.99
AutoTileGen,6.99
"Leona's Tricky Adventures",6.99
"Bloons TD 5",6.99
Runers,6.99
"Frontline : Road to Moscow",6.99
"Heroes & Legends: Conquerors of Kolhar",6.99
"Northmark: Hour of the Wolf",6.99
"Fractured Soul",6.99
"We Need To Go Deeper",6.99
Othello,6.99
"A Golden Wake",6.99
Penarium,6.99
"Curses 'N Chaos",6.99
"Cricket Captain 2014",6.99
"Lost Chronicles of Zerzura",6.99
Minimon,6.99
"Hatoful Boyfriend",6.99
"Corto Maltese - Secrets of Venice",6.99
"Crookz - The Big Heist",6.99
"Basketball Pro Management 2015",6.99
"Breach & Clear: Deadline Rebirth (2016)",6.99
"Man in a Maze: Deathmatch",6.99
"Doorways: The Underworld",6.99
Isomer,6.99
"Red Johnson's Chronicles - 1+2 - Steam Special Edition",6.99
"Tales of Adventure 2",6.99
"Khet 2.0",6.99
"Fahrenheit: Indigo Prophecy Remastered",6.99
"REVOLVER360 RE:ACTOR",6.99
"Time Mysteries 2: The Ancient Spectres",6.99
"Sakura Spirit",6.99
"Bionic Heart",6.99
"Tesla Breaks the World!",6.99
"Bombing Bastards",6.99
"RPG Tycoon",6.99
"DROD: Gunthro and the Epic Blunder",6.99
"Aritana and the Harpy's Feather",6.99
"Lantern Forge",6.99
"Direct Hit: Missile War",6.99
"Pe-2: Dive Bomber",6.99
"Bloop Reloaded",6.99
"CO-OP : Decrypted",6.99
"Skilltree Saga",6.99
"The Joylancer: Legendary Motor Knight",6.99
"Deep Under the Sky",6.99
"Raiden III Digital Edition",6.99
Spellcrafter,6.99
Bravada,6.99
Hangeki,6.99
"A City Sleeps™",6.99
"The Curse of the Werewolves",6.99
"A Good Snowman Is Hard To Build",6.99
"Front Page Sports Football",6.99
"planetarian ~the reverie of a little planet~",6.99
"The Sacred Tears TRUE",6.99
"Kings of Kung Fu",6.99
"The Original Strife: Veteran Edition",6.99
"Quantum Rush Champions",6.99
Prophour23,6.99
Tiestru,6.99
Dokuro,6.99
"Doom & Destiny",6.99
"Supreme: Pizza Empire",6.99
"Chaos Reborn",6.99
Xeodrifter™,6.99
Magicmaker,6.99
"Time Mysteries 3: The Final Enigma",6.99
"Odallus: The Dark Call",6.99
"Bridge Constructor Medieval",6.99
Cosmonautica,6.99
"Near Impact",6.99
"Ascension: Deckbuilding Game",6.99
Toren,6.99
UNLOVED,6.99
"Sign Motion",6.99
"Mining Industry Simulator",6.99
"Battle Of Europe",6.99
"Cavern Kings",6.99
"Aveyond 3-3: The Lost Orb",6.99
"Aveyond 3-4: The Darkthrop Prophecy",6.99
"Guns, Gore & Cannoli",6.99
"Gurumin: A Monstrous Adventure",6.99
"Red Goddess: Inner World",6.99
"Dungeon Lurk II - Leona",6.99
"Subject 13",6.99
"Black Viper: Sophia's Fate",6.99
Crow,6.99
"Alphadia Genesis",6.99
"Farm Mechanic Simulator 2015",6.99
"Moto Racer Collection",6.99
Kalimba,6.99
"eXperience 112",6.99
"Notch - The Innocent LunA: Eclipsed SinnerS",6.99
"Fat Chicken",6.99
"Death Skid Marks",6.99
"Smugglers 5: Invasion",6.99
Windward,6.99
"Chime Sharp",6.99
"Club Manager 2015",6.99
"The Legend of Candlewind: Nights & Candles",6.99
"Whisper of a Rose",6.99
FEIST,6.99
"Brink of Consciousness: The Lonely Hearts Murders",6.99
Zenzizenzic,6.99
"May’s Mysteries: The Secret of Dragonville",6.99
"Dragon Fantasy: The Volumes of Westeria",6.99
"Dragon Fantasy: The Black Tome of Ice",6.99
"Reflex Arena",6.99
"Rise to Ruins",6.99
"Space Legends: At the Edge of the Universe",6.99
"The Weaponographist",6.99
"JumpJet Rex",6.99
"Snow Light",6.99
"Catlateral Damage",6.99
"Pix the Cat",6.99
"Tail Drift",6.99
Noct,6.99
"Luna's Wandering Stars",6.99
"Demon Hunter: Chronicles from Beyond",6.99
"Master Spy",6.99
"Truck Mechanic Simulator 2015",6.99
"Beach Resort Simulator",6.99
"Airline Tycoon Deluxe",6.99
"LEVEL UP!",6.99
"Gunmetal Arcadia",6.99
"PixelJunk™ Shooter Ultimate",6.99
PONCHO,6.99
"Do Not Fall",6.99
"Replay - VHS is not dead",6.99
"NEKOPARA Vol. 1",6.99
"Pahelika: Revelations HD",6.99
Hektor,6.99
Armikrog,6.99
"Star Traders: 4X Empires",6.99
JUMP,6.99
"Adventures of Robinson Crusoe",6.99
"Robinson Crusoe and the Cursed Pirates",6.99
"The Fool",6.99
"Light Bound",6.99
LISA,6.99
"dUpLicity ~Beyond the Lies~",6.99
"Distant Star: Revenant Fleet",6.99
Race.a.bit,6.99
"Vietnam ‘65",6.99
"Sky Mercenaries",6.99
Bloodsports.TV,6.99
"Sentinels of the Multiverse",6.99
"Finding Paradise",6.99
"Four Sided Fantasy",6.99
"Soft Body",6.99
"The Sea Will Claim Everything",6.99
"Battletank LOBA",6.99
"Vagrant Hearts",6.99
"Strategy & Tactics: Wargame Collection",6.99
"Venetica - Gold Edition",6.99
"Ratz Instagib",6.99
"Pixel Heroes: Byte & Magic",6.99
"Seven Kingdoms 2 HD",6.99
Harold,6.99
"Morningstar: Descent to Deadrock",6.99
"Tales of the Orient: The Rising Sun",6.99
"Runestone Keeper",6.99
Ember,6.99
Paperbound,6.99
HuniePop,6.99
