name,free_games
"GRANADO ESPADA",2
Surge,2
"Prey with Gun 带枪的猎物",1
"SKYBOX VR Video Player",1
"The Pirate: Plague of the Dead",1
"Icarus Six Sixty Six",1
"Major League Gladiators",1
"DYNASTY WARRIORS 9 真・三國無双８",1
Flora,1
"Highway Madness",1
"Here & Elsewhere",1
"Golden Hornet",1
"Dr. Frank's Build a Boyfriend",1
"Soccer Manager 2018",1
"Perceptions of the Dead",1
"Super Shoot Owl",1
"Bridge Trek",1
"The Mammoth: A Cave Painting",1
"High School Simulator",1
"Paintball War",1
Sprout,1
"Floresia I : Intemporel",1
"Comets Wake",1
"Félix VR",1
"Amaze: Interactive VR Movies",1
"Goblin Gearshop",1
"a Museum of Dubious Splendors",1
"Crusaders of Light",1
"A tractor",1
"DK Online",1
"Battle Tanks: Legends of World War II",1
Brew-Ha,1
"Blazing Core (beta)",1
"My Little Farmies",1
"EV3 - Drag Racing",1
"Moe! Ninja Girls",1
"VR Soccer Training",1
Logout,1
Orbos,1
"WIDE CROSS",1
"Project Rampage VR",1
blue.,1
"This Child Of Mine",1
Lucie,1
Scrunk,1
"Military Operations: Benchmark",1
"Frightened Beetles",1
"VR Benchmark Kanojo",1
Pivross,1
"Google Spotlight Stories: Back to the Moon",1
Telophase,1
"Shrinking Pains",1
Together,1
"North Stars",1
Obliteracy,1
"Women's Soccer Manager",1
"Ultimate Sudoku Collection",1
"Lost in Spice",1
"Idle Heist",1
"Nefertari: Journey to Eternity",1
"Artillery Cats",1
"Slime Kingdom",1
小游戏世界(中国版),1
"Wild West VR",1
"Azurael's Circle: Chapter 1",1
"MU Legend",1
"Somnium Space",1
Climb,1
"Battlerite Royale",1
"Google Spotlight Stories: Age of Sail",1
"Half-Life 2: Lost Coast",1
"Gumboy - Crazy Adventures™",1
"Bone: The Great Cow Race",1
"Grand Theft Auto",1
"Penumbra Overture",1
"Moonbase Alpha",1
"Gothic 1",1
"Memoir '44 Online",1
"Geneforge 3",1
EverQuest,1
"A Valley Without Wind",1
"Dwarfs - F2P",1
"PlanetSide 2",1
"Project Eagle: A 3D Interactive Mars Base",1
"A Valley Without Wind 2",1
"Dungeon Defenders II",1
Epigenesis,1
"Heroes of Havoc: Idle Adventures",1
"Dragon's Prophet",1
"Victory: The Age of Racing",1
"Star Swarm Stress Test",1
"Counter-Strike Nexon: Zombies",1
"Mortal Online",1
"Card Hunter",1
Eldevin,1
"Total War Battles: KINGDOM",1
Unturned,1
"DEAD OR ALIVE 5 Last Round: Core Fighters",1
"The Forgotten Ones",1
"Life is Strange - Episode 1",1
TOXIKK™,1
"Passing Pineview Forest",1
"Epic Arena",1
"Might & Magic Heroes Online",1
"Fork Parker's Holiday Profit Hike",1
"The Lady",1
CroNix,1
"The Old Tree",1
Walkover,1
"Pixel Puzzles Ultimate",1
"Curse of Mermos",1
"Codename CURE",1
"Spooky's Jump Scare Mansion",1
"Cards and Castles",1
Escape,1
Visibility,1
"Fields of Battle",1
"All Is Dust",1
SAGA,1
"Badland Bandits",1
"Trials on Tatooine",1
"Lamia Must Die",1
"Pixel Fodder",1
"Garlock Online",1
Fingerbones,1
"Rogue Operatives Hide and Seek",1
"The Rose and I",1
"Business Tour - Board Game with Online Multiplayer",1
Bitku,1
"SC2VN - The eSports Visual Novel",1
UniBall,1
"Master of Orion 1",1
SightLineVR,1
"Tactical Craft Online",1
"Apotheon Arena",1
"CUPID - A free to play Visual Novel",1
"Longsword - Tabletop Tactics",1
"Rytmik Player",1
"Z1 Battle Royale",1
"Governor of Poker 3",1
SOLRAVEN,1
"Heroes of Shadow Guard",1
"Iron Madness",1
"Crown and Council",1
"GUNS UP!",1
"VirZOOM Arcade",1
Istrolid,1
"The Secret of Pineview Forest",1
"Black Rose",1
"Gary the Gull",1
"Plastic Playground",1
Varenje,1
"Ghoul Kid",1
"Clover Tale",1
"ChuSingura46+1 S",1
Deceit,1
"A Date in the Park",1
"Eclipse --- Defending the motherland",1
"The NADI Project",1
Piñata,1
HALP!,1
Angeldust,1
"Red Trigger",1
"Blight of the Immortals",1
"Amihailu in Dreamland",1
"After Dreams",1
"Emerland Solitaire: Endless Journey",1
INVASION!,1
"The Wire",1
Baezult,1
"Driftwood The Visual Novel",1
"Rescue Bear Operation",1
Snowday,1
"Minds Eyes",1
"Magical Otoge Ciel",1
"Weapons of Mythology - New Age -",1
"Gobernators (Parodia política peruana)",1
"Life of Lon: Chapter 1",1
Lazerbait,1
"Empires Apart",1
"Hidden Dimensions 3",1
MONMUSU,1
WAR7,1
"Nemesis Perspective",1
"TV Trouble",1
"Xemo® : Robot Simulation",1
"Kickoff Legends",1
KARDS,1
"Mausoleum of the Medusa",1
"Dark Eden",1
"Black Squad",1
Fastigium,1
"Desert Ride Coaster",1
"Midas Gold Plus",1
"KYOTO TANOJI QUEST",1
"Fireworks Desert Blast",1
"Void Pyramid",1
Blueshift,1
"The Sibling Experiment",1
"President Erect VR",1
"Fausts Alptraum",1
"MAKE IT as an Artist",1
"Griptape Backbone",1
AVATARIKA,1
"Echoes of the Fey Episode 0: The Immolation",1
"Tales of Escape",1
"Covert Syndrome",1
"Dreams of Dali",1
"The Last Conflict",1
"Hide and Seek",1
"Life Forge - Reborn ORPG",1
"Diorama Worlds",1
"Weelco VR",1
KROSMAGA,1
"Zombidle : REMONSTERED",1
Hoverloop,1
"Mystic Journey: Tri Peaks Solitaire",1
"Ways of History",1
theViewer,1
"Trapped With the Dolls VR",1
"Clark | HOOVA VR",1
"Super Perspective",1
"Suncore Chronicles: The Tower",1
"BeanVR—The Social VR APP",1
OLDTV,1
"El Ministerio del Tiempo VR: El tiempo en tus manos",1
"FINAL FANTASY XV WINDOWS EDITION MOD ORGANIZER",1
"Oats Studios - Volume 1 Assets",1
"Telepathy Zero",1
"Electronics Circuits Simulator",1
Chromatic,1
Lunarsea,1
"Rival Rampage",1
"Sphere Frustration",1
"The Istrys",1
"[MARS] Total Warfare",1
"The Ranger: Lost Tribe",1
Einar,1
"Island Dash",1
Kukui,1
"Cosmos Invictus",1
"月之暗面 The Dark Side Of The Moon",1
"Insanity VR: Last Score",1
"My Way VR",1
"Madu Maths",1
"Evening Surprise",1
"Treasure At The Top",1
"Matchville - Match 3 Puzzle",1
"All Our Asias",1
"Microsoft Allegiance",1
"March of Empires",1
"Ball 2D: Soccer Online",1
"World War Party: Game Of Trump",1
"Shark Simulator",1
"Anti Gravity Warriors VR",1
"The Beanstalk",1
"Google Spotlight Stories: Special Delivery",1
"Dino Scourge",1
Wired,1
"Outside the Lines",1
"A Stickman Reality",1
"Kitrinos: Inside the Cube",1
"CROSS X CARROT",1
"PaulPaul - Act 1",1
"Spire of Sorcery – Character Generator / 角色生成器",1
Warrecs,1
"Hotel Remorse",1
BinaryBotsVR,1
"IQ Test",1
Farjob,1
"Holiday Escape",1
"We Are Terror: The First Days",1
"Test Subject 901",1
"Team Up VR (Beta)",1
"Construction Charlie",1
"Shards the Deckbuilder",1
Metanormal,1
"A Game About",1
"Shooting Hurts",1
"Tennis Story",1
"Circuit Slinger",1
Fallstreak,1
"Blocky Snake",1
"Star Trek: En Territoire Alien",1
"Mixed Estate",1
"Where The Water Tastes Like Wine: Fireside Chats",1
"死亡投票_Death Voting Game",1
"Record of Lodoss War Online",1
"Russian Roulette: One Life",1
"And You're There, Too",1
"Strange Encounter",1
"Dark Gnome",1
"At Home Alone",1
"Hell Breaker",1
"Siam Twinstick",1
"异霊 皓月空华",1
"永冻之壳 The Shell of Permafrost",1
"Total Battle",1
"Bloons Adventure Time TD",1
"Pixel Battle Royale",1
"Steel Alcimus",1
Seeker,1
"War Online: Pacific",1
"Switch & Ditch",1
"Soccer Manager 2019",1
"Mobile Wars X",1
某1种青春,1
"Invasion Zero",1
Brawl,1
"Wizard And Minion Idle",1
"One Synth",1
Tobit,1
"Two Clusters: Kain",1
Vainglory,1
"It Moves",1
Survivor,1
"vApe Escape",1
"Slime Simulator Games",1
Raatihuone,1
Exosphere,1
"Trial of the Towers",1
"Geometry May. I swear it's a nice free game",1
Bullseye,1
"Renters Revenge",1
PlayUSA,1
"Lines X Free",1
"Board Games VR",1
"Coffee Run",1
"Legendary DXP",1
vBuilder,1
"Moose Invasion",1
アルカナリッター,1
"Chronicles of cyberpunk",1
TRATEL64,1
"Rig or Skill: PC Brawl",1
"Hero Plus",1
"Google Spotlight Stories: Piggy",1
"One Night",1
"Six Days of Snow",1
Aimtastic,1
"Versus World",1
"Garden of Oblivion",1
Xploquest,1
"Russian Fishing 4",1
"GizmoVR Video Player",1
"Iron League",1
MatchyGotchy,1
Piwall,1
"Outworld Battlegrounds",1
"Vinhomes Metropolis VR Interior",1
"Die pig die",1
"The Alpha Device",1
"Epic Roller Coasters",1
"The Adventures of Nick & Willikins",1
"Canek: Quest for Corn [Demo]",1
Exocraft,1
"Mavi's Journey",1
"Biotix: Phage Genesis",1
"Acute Art",1
P.A.S.,1
"The Lone Chameleon",1
Traum,1
DrillsVR,1
"Build Wars",1
Laplace：拉普拉斯的神子,1
"Magika Land of Fantasy",1
"Relic Raiders",1
"Floor By Floor",1
"Fun Hospital",1
AeroChopper,1
"DeoVR Video Player",1
"The Front of Greed",1
"Sheep Game",1
"Forest Below",1
JumpStream,1
"Cursed Town",1
"Danger Room VR",1
"270 | Two Seventy US Election",1
"Expedia Cenote VR",1
"Rocket Valley Tycoon",1
"Tap Cats: Battle Arena",1
"つんつんVR / TSUN-TSUN VR",1
噬元之主,1
"Chicken Rider",1
"The King's Request: Physiology and Anatomy Revision Game",1
"Dinosaur Hunt Puzzle",1
"BRANE™: Prototype",1
"Welcome To... Chichester 0 - Preview",1
"Dot to Dot Puzzles",1
"Mecha-Tokyo Rush",1
"Half-Life Deathmatch: Source",1
"Peggle Extreme",1
"EVE Online",1
"Grand Theft Auto 2",1
BRINK,1
RIFT,1
"Sonic Generations Collection",1
Neverwinter,1
"Geneforge 4: Rebellion",1
"Avernum 4",1
"RaceRoom Racing Experience",1
"Gear Up",1
"The Banner Saga: Factions",1
"No More Room in Hell",1
"Akaneiro: Demon Hunters",1
"War Thunder",1
SNOW,1
"WWII Online",1
"Just Cause 2: Multiplayer Mod",1
"Narcissu 1st & 2nd",1
"Aura Kingdom",1
Creativerse,1
Glitchspace,1
"Guns and Robots",1
"The Desolate Hope",1
Robocraft,1
"FIST OF AWESOME",1
"Wild Warfare",1
"Age of Conquest IV",1
"Shroud of the Avatar: Forsaken Virtues",1
"Heavy Metal Machines",1
Zero-K,1
HIT,1
Strife®,1
"Among Ripples",1
"InMind VR",1
"BrainBread 2",1
UFHO2,1
"Rustbucket Rumble",1
"Subspace Continuum",1
"Leadwerks Game Launcher",1
"Return NULL - Episode 1",1
"Ultimate Tic-Tac-Toe",1
"One Manga Day",1
"Jigoku Kisetsukan: Sense of the Seasons",1
Advent,1
Ryzom,1
"Otherland MMO",1
"Alteil: Horizons",1
Mindshow,1
"Radiator 2: Anniversary Edition",1
"Affected Zone Tactics",1
"Mitos.is: The Game",1
WARMODE,1
RoShamBo,1
"Anarchy Online",1
"Woof Blaster",1
Hypatia,1
Relive,1
"ePic Character Generator",1
"Master of Orion 2",1
GASP,1
"Your Quest",1
Mistfal,1
"Emmerholt: Prologue",1
"Take the Dream IX",1
"Diorama No.1 : Blocked In",1
"Abbot's Book Demo",1
"The Panic Room",1
"Blossoms Bloom Brightest",1
"Legends of Callasia",1
Pointless,1
SpellKnights,1
"Skeet: VR Target Shooting",1
"About Elise",1
"Atulos Online",1
"The Body VR: Journey Inside a Cell",1
"Boundel: The Second Era",1
"Atlas Reactor VR Character Viewer",1
"ABE VR",1
"One Dark Night",1
"Legionwood 1: Tale of the Two Swords",1
"Super Blue Fighter",1
"Twisted Worlds",1
Stash,1
"Blind Trust",1
Antiflux,1
"The Abbey of Crime Extensum",1
"Mansions of Madness",1
"Ball 3D: Soccer Online",1
"Astral Heroes",1
"Project Syria",1
"VR Battle Grid",1
"Building the Great Wall of China 2",1
"Ortus Arena, strategy board game online, FOR FREE",1
"Acan's Call: Act 1",1
"Gangs of Space",1
"Aussie Sports VR 2016",1
"The End o,,,o",1
"The Sun Will Rise",1
"Path of War",1
"CRAPPY ZOMBIE GAME",1
"The Journey Home",1
"You Have 10 Seconds 2",1
"Honey Rose: Underdog Fighter Extraordinaire",1
"Six Feet Under",1
"Geology Business",1
"The Bellows",1
Argo,1
"Non-Linear Text Quests",1
"Think To Die",1
"Crash Force®",1
"Digimon Masters Online",1
"Think To Die 2",1
"Escape the Game",1
"Pumpkin SculptrVR",1
"Children of Orc",1
"7D Game （VR for VIVE）",1
"Counter Agents",1
"Battles of the Valiant Universe CCG",1
"World of Warships",1
"拯救大魔王2 Rescue the Great Demon 2",1
"Spooky Night",1
"Goaltender VR",1
"The Price of Freedom",1
"Reaping Rewards",1
"Mobile Astro",1
"Smash Party VR",1
Dropzone,1
"Naughty Or Nice",1
"BRAIN / OUT",1
"Metal Waltz: Anime tank girls",1
"Freedom Locomotion VR",1
Shardbound,1
Capsa,1
"It Lurks in the Woods",1
"Taphouse VR",1
Sponchies,1
"Nevrosa: Prelude",1
"Belko VR: An Escape Room Experiment",1
"Connected Hearts - Visual novel",1
"Tanki X",1
"Realm Grinder",1
VRIQ,1
"Heroes of Paragon",1
"Make It Rain: Love of Money",1
Vision,1
"Amigo VR",1
"FlatOut 4: Total Insanity Workshop Tool",1
"Strata inStudio VR",1
"SoulWorker - Anime Action MMO",1
"Pixel Worlds: MMO Sandbox",1
"Rival Books of Aster",1
"Kitten Adventures in City Park",1
"Redfoot Bluefoot Dancing",1
"Caliban Below",1
HereAfter,1
NOKBAK,1
"Agents of Aggro City Online",1
"Robot King Part I: Rebooted and Ready",1
"FlyingRock: Arena",1
"Visual Novel Engine",1
"Drunken Wrestlers 2",1
IKAROS,1
"Dead Horizon",1
"Mahjong Magic Islands",1
"Fare Thee Well",1
"Dark Descent: The Blue Rose",1
"VR Triber",1
"Data Thief",1
"MermaidVR Video Player",1
"Lost Items",1
"Head Goal: Soccer Online",1
TurnSignal,1
"Fog Of War - Free Edition",1
"Containment Corps",1
"Necromancer Accountant",1
"Loot'N Shoot",1
"Beyond the Void",1
"Shooty Skies",1
"Just Fishing",1
Astroe,1
"Octopus Bar",1
Cognizer,1
"Google Spotlight Stories: Sonaria",1
Metonymy,1
Thirdmage,1
Time,1
"Seat of War",1
"Loot Box Simulator",1
"Uncharted Waters Online",1
"Bike Dash Excite!",1
"Mojo: Hanako",1
"Short Life",1
"Endless Battle",1
Margonem,1
KOPICS,1
"Nutrients for Life",1
"Cube Escape: Paradox",1
"Dawn of the Breakers",1
"Galactic Lander",1
"Project Reset",1
"Trigger Finger",1
"What would people say?",1
"Sniper 3D Assassin: Free to Play",1
"Zenith Hunter",1
"Game Builder",1
"Pushing Through...",1
Mythical,1
FrostRunner,1
"Warplanes: WW2 Dogfight",1
"Halzae: Heroes of Divinity",1
"Sacred Saga Online",1
"The Perfectionist",1
"The Cup",1
"Marble Combat",1
"Refill your Roguelike",1
"Not Heaven",1
"White Dove 白雀",1
"Self-knowledge VR",1
"HOT FIT!",1
"Shakes and Fidget Remastered",1
"Undress Tournament",1
"VR INTERACTIVE TRAILER: Runes",1
"The Art Theft by Jay Doherty",1
"The Great Emu War",1
Corma,1
"Rebel Forces",1
"Crome: Before Purgatory",1
"SYNTHETIK: Arena",1
"WarZone Flashpoint",1
"Darkness and Flame: The Dark Side f2p",1
Intrepid,1
"Coffee VendoR",1
Becalm,1
"Temple of Pizza",1
"Flowers in Dark",1
"Aetheria Online",1
"Arena of Shaelo",1
"By Moonlight",1
"【SCP】器関ノ彷徨 -The will of a single Tale- 第１部",1
"Clown Thug Cop Zombies",1
"Real Al's Humanity Academy",1
"Trash Time",1
JermaSlots,1
"Song Animals",1
"Future Futures - Command Z",1
ESKO,1
"In the Pause Between the Ringing",1
"Burning Daylight",1
"Sin Slayers: The First Sin",1
"War Planet Online: Global Conquest",1
"Audio Factory",1
"Morgan lives in a Rocket House in VR",1
"Merper VR",1
"Islands of Nyne: Battle Royale",1
Flightless,1
"World Warfare",1
"Time Killers: CatchOut",1
"Journey to Luonto",1
"Kokoda VR",1
"Nonogram - Master's Legacy",1
"Dream Channel",1
"Alpha Locus VR",1
"Scions of Fate",1
"Google Spotlight Stories: On Ice",1
"Lucky Night VR",1
"Aurora Trail",1
"Ship Ahoy Open BETA",1
"Downtown Casino Poker Leagues : Texas Hold'em Poker Tournaments",1
"White Pearl",1
"Realm Revolutions",1
D.R.I.L.L.,1
"FIRST STEAM GAME VHS - COLOR RETRO RACER : MILES CHALLENGE",1
"Doodle God: Mighty Trio",1
"Subscribe & Punch!",1
"Blush Blush",1
公主的逃脱日常,1
"OH MY GOD, LOOK AT THIS KNIGHT",1
"CONFLICT OF NATIONS: WORLD WAR 3",1
"Dungeons Forever",1
"4D Minesweeper",1
"Crypt- The Black Tower",1
BombTag,1
"LET IT DIE",1
"International Space Station Tour VR",1
"My Free Farm 2",1
"Hellbound: Survival Mode",1
PICNIC,1
"Robo Boop",1
"Colour Box",1
"Realm Royale",1
"The Flood",1
"Solitaire Knights",1
"Animal Jam - Play Wild!",1
"Dragon Awaken",1
"FlickSync - Mad Hatter VR",1
MazeBot,1
"Cross Country Skiing VR",1
"TapSonic World Champion VR",1
"Drift 4000",1
"Semi-Sweet Tofu",1
"Rogue Agent",1
"Virtual Reality Experiment Framework",1
"best game eu",1
"King Rabbit",1
"Ahlman Arcade 2018",1
"Turbo Tunnel",1
Kidz,1
DiveReal,1
Chase,1
EggFight,1
"Volcano Eruption",1
"Crimson Light",1
"XXX Puzzle",1
Scorch,1
"Time Drifter",1
"Let's Go There And Wander Nowhere",1
"Age of Fear: The Free World",1
"Team Fortress 2",1
"Company of Heroes - Legacy Edition",1
"DOOM 3",1
"America's Army 3",1
"DC Universe™ Online",1
Altitude,1
"Winter Voices",1
"Data Jammers: FastForward",1
"Geneforge 5: Overthrow",1
"Gotham City Impostors Free to Play",1
"Star Conflict",1
WAKFU,1
"Dogs of War Online",1
Defiance,1
Warframe,1
Elsword,1
"Wizardry 6: Bane of the Cosmic Forge",1
"CABAL Online",1
"Get Off My Lawn!",1
"Fistful of Frags",1
"EVGA Precision XOC",1
"Easy™ eSports",1
Onigiri,1
"Galcon 2: Galactic Conquest",1
"Red Crucible®: Firestorm",1
"Floating Point",1
"Battle Islands",1
"Simply Chess",1
"Magic Duels",1
"AX:EL - Air XenoDawn",1
"Warspear Online",1
"Everlasting Summer",1
"Magic Barrage - Bitferno",1
Karos,1
"VEGA Conflict",1
HitBox,1
"Firefly Online Cortex",1
Racecraft,1
MyDream,1
"Clean'Em Up",1
"Time of Dragons",1
Survarium,1
"Rumble Fighter: Unleashed",1
404Sight,1
"Shadow Hunter",1
"Force of Elements",1
"Tree of Savior (English Ver.)",1
"Letter Quest: Grimm's Journey Remastered",1
"Big Fish Legend",1
"The Secret of Tremendous Corporation",1
"8Bit Fiesta",1
"Астролорды: Облако Оорта",1
"Shadow of Kingdoms",1
Pluto,1
Uebergame,1
"Atom Universe",1
"Sphere III: Rage of the Devastator",1
Absent,1
Tabletopia,1
"Godot Engine",1
"Dr. Langeskov, The Tiger, and The Terribly Cursed Emerald: A Whirlwind Heist",1
"Master of Orion 3",1
"Metal War Online: Retribution",1
CLASH,1
Retaliation,1
"Metaverse Construction Kit",1
"Project CARS - Pagani Edition",1
"Clash of the Monsters",1
"Mathoria: It All Adds Up",1
Spacelords,1
"Party Jousting",1
Midair,1
"UFO Online: Invasion",1
"Bloons TD Battles",1
"The Huntsman: Winter's Curse",1
"The Divergent Series: Allegiant VR",1
Jacob,1
Spellstone,1
LuckCatchers,1
"High Octane Drift",1
Palinurus,1
"Temple of Rust",1
"Forge of Gods (RPG)",1
"One Tower",1
"Sketchfab VR",1
"Vintage VR",1
"NVIDIA® VR Funhouse",1
"Rexodus: A VR Story Experience",1
"DIVE: Starpath",1
Doodler,1
"Campaign Clicker",1
"The Infinite Black",1
"RPG World - Action RPG Maker",1
"Ping Pong League",1
"Trick & Treat",1
"Wake Up",1
"VirZOOM Gamepad Emulator",1
Battlerite,1
"Scrap Garden - The Day Before",1
"Xecryst Remains",1
ONRAID,1
"Drop Alive",1
"Orake 2D MMORPG",1
INTERSHELTER,1
"Command Ops 2",1
"Techwars: Global Conflict",1
"Doorways: Old Prototype",1
"東周列萌志 Philosophic Love",1
"bob's game",1
"Solitaire Royale",1
"Eternal Card Game",1
"Zombie Defense",1
"Please State Your Name : A VR Animated Film",1
"The Last Journey",1
Racecar.io,1
"Therian Saga",1
"Last Days",1
"Darwin Project",1
panGEMic,1
"Paranormal Teens",1
"Kitten Cannon",1
"Into The Unknown",1
"Trick and Treat - Visual Novel",1
"Atom Fishing II",1
"Cosmic Sugar VR",1
REALITY,1
"Alien Swarm: Reactive Drop",1
"Colorful Life",1
"Cinderella Phenomenon - Otome/Visual Novel",1
Nick,1
"Mighty Party",1
"Break Time!",1
"Once Upon an All Hallow's Eve",1
"Power Solitaire VR",1
Sansar,1
Totemori,1
"Learn to Fly 3",1
"Sniper Fury",1
"Chasing Styx",1
Super,1
HERO-E,1
"Rubber Ball VR",1
McOsu,1
iStorm,1
"The Cable Center - Virtual Archive",1
Carrier,1
"Bitcoin VR",1
"Wrecked: Get Your Ship Together",1
RETNE,1
"Doodle God Blitz",1
"Idle Champions of the Forgotten Realms",1
"Sky Clash: Lords of Clans 3D",1
"Runewards: Strategy Card Game",1
"OzGrind Virtual Reality Showroom",1
Ironbound,1
"Might & Mayhem",1
"Mini Guns - Omega Wars",1
Killbox,1
Krieg,1
"Mini Battlegrounds",1
"The IOTA Project",1
"Dragon Lords: 3D Strategy",1
"The Monster Inside",1
MINDNIGHT,1
"The Ultimatest Battle",1
Robin,1
IOSoccer,1
"Secondhand Lands",1
"Symploke: Legend of Gustavo Bueno (Chapter 1)",1
"Poker World - Single Player",1
Purgation,1
"Power War:The First Men",1
Captivus,1
"CINEVR - The Movie Theater",1
DUELEUM,1
"Space Fighter",1
STYLY,1
"Progetto Ustica",1
"Doki Doki Literature Club!",1
"Ghostly Horizon",1
NewTypes,1
"Star Wars: Imperial Assault - Legends of the Alliance",1
"Wuxing Master(CCG)",1
"The Bears And The Bees",1
"Never Split the Party",1
"Mr. Barrel",1
"Urban Rivals",1
"Super Dungeon Master Ace: The Classic Fantasy Adventure RPG",1
Lynne,1
老虎游戏,1
"The Plant",1
"Valor Time",1
pla_toon,1
Emoto,1
"Dances with Butterflies VR",1
Armajet,1
"The Mine",1
Grompula,1
"Combat Arms: Reloaded",1
"Acid Nimbus",1
"Simplex Mundi",1
"Me Smart Orc",1
"MINImax Tinyverse",1
"Heavy Dreams",1
"Modern Combat 5",1
"4X-Galaxy 无主之地：银河",1
NEVERMORE,1
"Puzzle Plunder",1
"Letzte Worte VR",1
"Idle Space Raider",1
Cyberdrome,1
"Food Drive: Race against Hunger",1
"Scamp: High Hat Havoc",1
3Buttons,1
"Lil' Arena",1
"Expedition Oregon",1
"Virtual Villagers Origins 2",1
"PRO EVOLUTION SOCCER 2019 LITE",1
"Grand Strategy",1
"Beat Boxers",1
"Unsung Warriors - Prologue",1
"S.A.I.A.'s Awakening: A Robothorium Visual Novel",1
Plunder,1
"Microsoft Maquette",1
Termite,1
"A Show of Kindness",1
HORSE,1
"Christmas Clicker: Idle Gift Builder",1
"Experience: Colorblindness",1
CGENcore,1
"School Grounds",1
王者战车,1
Bookend,1
"THE DEVIL HAUNTS ME",1
"be you",1
"Jumping Master(跳跳大咖)",1
"Hand of Horzasha",1
"HYPERFIGHT Max Battle",1
"Last Days Motel",1
"旅燕归航 Swallow Homing",1
"Self-Reliance 自我性赖",1
"World War II: TCG",1
Firon,1
"Coloring Game",1
"中华三国志 the Three Kingdoms of China",1
"Romans from Mars (Free-to-Play)",1
"Bug Aviators in Theme Park",1
"Zeta Complex",1
"The Walsingham Files - Chapter 1",1
"Horse Riding Tales",1
KillStreak.tv,1
"Rain's love memory-雨的恋记",1
"League of Pirates",1
"Fatal Velocity: Physics Combat",1
"Crankies Workshop: Freebot Assembly",1
"If Only...",1
"Holyday City: Reloaded",1
"Fly Destroyer",1
"Ultimate Coaster X",1
"Time Killers: Spot Race",1
"Freddy Fazbear's Pizzeria Simulator",1
"Neos VR",1
"Wonky Ship",1
"Banyu Lintar Angin - Little Storm -",1
"Rail Recon",1
"Beat the Blitz",1
"Astrohazard Solutions Ltd.",1
Marius,1
LIV,1
"Mapas do Horizonte - Um jogo para conhecer BH",1
"Struckd - 3D Game Creator",1
"Albion Online",1
"Beavers Be Dammed",1
"War of Conquest",1
紅蜘蛛外伝：暗戦,1
"Welcome to Light Fields",1
"Refight:Burning Engine",1
MEGAMiX,1
"Ready Player One: OASIS beta",1
"The Directed",1
Clawface,1
Roun,1
"Resume: The Video Game",1
ANYKEY,1
"Just, Bearly",1
"Knights of Pen and Paper 2: Free Edition",1
"How To Cope With Boredom and Loneliness",1
"Go Guess",1
"Oracle: Threads of Fate",1
Wrecked,1
"Tesseract VR",1
